# TARGET_SOURCE:	test_input/4HBT.hmm
# QUERY_SOURCE:	test_input/4HBT.fa
# TARGET_INDEX:	(null)
# QUERY_INDEX:	(null)
>{T_ID}	{Q_ID}	{T_LEN}	{Q_LEN}	{ALPHA}	{BETA}	{TOTAL_CNT}	{CLOUD_CNT}	{VIT_SC}	{CLOUD_SC}	{VIT_T}	{TRACE_T}	{CL_FWD_T}	{CL_BCK_T}	{MERGE_T}	{REORIENT_T}	{BND_FWD_T}	
0	0	78	120	12.000000	5	9559	520	-12.010943	-8.701344	0.001977	0.000025	0.000218	0.000469	0.000016	0.000038	0.000186	
0	1	78	120	12.000000	5	9559	860	-9.565321	-6.912515	0.001255	0.000006	0.000116	0.000297	0.000011	0.000022	0.000143	
0	2	78	392	12.000000	5	31047	2267	14.279402	17.337404	0.004228	0.000094	0.000447	0.000853	0.000050	0.000081	0.000669	
