TARGET_SOURCE:	test_input/7tm_7.hmm
QUERY_SOURCE:	test_input/7tm_7.fa
TARGET_INDEX:	(null)
QUERY_INDEX:	(null)
>{T_ID}	{Q_ID}	{T_LEN}	{Q_LEN}	{ALPHA}	{BETA}	{TOTAL_CNT}	{CLOUD_CNT}	{VIT_SC}	{CLOUD_SC}	{VIT_T}	{TRACE_T}	{CL_FWD_T}	{CL_BCK_T}	{MERGE_T}	{REORIENT_T}	{BND_FWD_T}	
0	0	367	809	20.000000	5	298080	22598	5.992805	24.529917	0.051266	0.000153	0.002661	0.003419	0.000070	0.000421	0.002911	
0	1	367	836	20.000000	5	308016	22515	2.177479	22.629736	0.041739	0.000095	0.000898	0.003689	0.000046	0.000441	0.003459	
0	2	367	1027	20.000000	5	378304	19646	-5.875030	5.935559	0.046668	0.000079	0.000618	0.003995	0.000086	0.000531	0.003528	
