# TARGET_SOURCE:	test_input/4HBT.hmm
# QUERY_SOURCE:	test_input/4HBT.fa
# TARGET_INDEX:	(null)
# QUERY_INDEX:	(null)
>{T_ID}	{Q_ID}	{T_LEN}	{Q_LEN}	{ALPHA}	{BETA}	{TOTAL_CNT}	{CLOUD_CNT}	{VIT_SC}	{CLOUD_SC}	{VIT_T}	{TRACE_T}	{CL_FWD_T}	{CL_BCK_T}	{MERGE_T}	{REORIENT_T}	{BND_FWD_T}	
0	0	78	120	12.000000	5	9559	520	-12.010943	-8.701344	0.001203	0.000015	0.000132	0.000213	0.000011	0.000022	0.000173	
0	1	78	120	12.000000	5	9559	860	-9.565321	-6.912515	0.001325	0.000025	0.000155	0.000259	0.000011	0.000036	0.000181	
0	2	78	392	12.000000	5	31047	2267	14.279402	17.337404	0.005418	0.000076	0.000193	0.000381	0.000017	0.000048	0.000288	
