# TARGET_SOURCE:	test-input/3-PAP.hmm
# QUERY_SOURCE:	test-input/3-PAP.fa
# TARGET_INDEX:	(null)
# QUERY_INDEX:	(null)
>{T_ID}	{Q_ID}	{T_LEN}	{Q_LEN}	{ALPHA}	{BETA}	{TOTAL_CNT}	{CLOUD_CNT}	{VIT_SC}	{CLOUD_SC}	{VIT_T}	{TRACE_T}	{CL_FWD_T}	{CL_BCK_T}	{MERGE_T}	{REORIENT_T}	{BND_FWD_T}	
0	0	133	643	20.000000	5	86296	2	8.675537	-20.265699	0.021825	0.000382	0.001887	0.001548	0.000080	0.000007	0.001464	
0	1	133	620	20.000000	5	83214	2	2.891086	-21.091770	0.019029	0.000685	0.001819	0.001884	0.000026	0.000010	0.001753	
0	2	133	1212	20.000000	5	162542	2	3.568490	-21.689680	0.033287	0.000622	0.003982	0.003133	0.000037	0.000009	0.004549	
