# TARGET_SOURCE:	test_input/3-PAP.hmm
# QUERY_SOURCE:	test_input/3-PAP.fa
# TARGET_INDEX:	(null)
# QUERY_INDEX:	(null)
>{T_ID}	{Q_ID}	{T_LEN}	{Q_LEN}	{ALPHA}	{BETA}	{TOTAL_CNT}	{CLOUD_CNT}	{VIT_SC}	{CLOUD_SC}	{VIT_T}	{TRACE_T}	{CL_FWD_T}	{CL_BCK_T}	{MERGE_T}	{REORIENT_T}	{BND_FWD_T}	
0	0	133	643	12.000000	5	86296	7241	8.675537	12.775315	0.009627	0.000156	0.001170	0.001748	0.000058	0.000193	0.001722	
0	1	133	620	12.000000	5	83214	7009	2.891086	6.683408	0.012479	0.000168	0.001680	0.003753	0.000039	0.000132	0.002690	
0	2	133	1212	12.000000	5	162542	6481	3.568490	8.665499	0.027317	0.000271	0.003578	0.002801	0.000038	0.000127	0.002404	
